M1STOP , --
Q2STOP , 0.159293815976
I3STOP , 0.145580700396
F4STOP , 0.146742634785
V5STOP , 0.129250070015
K6STOP , 0.119245279209
T7STOP , 0.168060994499
L8STOP , 0.173138897189
T9STOP , 0.199779468838
G10STOP , 0.20187118907
K11STOP , 0.153682342346
T12STOP , 0.0357821351504
I13STOP , 0.136136969601
T14STOP , 0.197260228311
L15STOP , 0.0979259850289
E16STOP , 0.236475121472
V17STOP , 0.212594430871
E18STOP , 0.144544610867
S19STOP , 0.11328992635
S20STOP , 0.240417815396
D21STOP , 0.0213588475658
T22STOP , 0.24096979673
I23STOP , 0.148789595034
D24STOP , 0.0879130891684
N25STOP , 0.1274746652
V26STOP , 0.152325843808
K27STOP , 0.196747011034
S28STOP , 0.10449094776
K29STOP , 0.145721159837
I30STOP , 0.0967543098326
Q31STOP , 0.15601713483
D32STOP , 0.138423632133
K33STOP , 0.104893113503
E34STOP , 0.129195316136
G35STOP , 0.122345648118
I36STOP , 0.152798090059
P37STOP , 0.224139902577
P38STOP , 0.0690136912118
D39STOP , 0.0812114573366
Q40STOP , 0.0987932163613
Q41STOP , 0.156687434973
R42STOP , 0.158175363994
L43STOP , 0.15499599444
I44STOP , 0.146387187232
F45STOP , 0.213068654116
A46STOP , 0.25189995144
G47STOP , 0.18102444203
K48STOP , 0.166321624264
Q49STOP , 0.125197343809
L50STOP , 0.190774396743
E51STOP , 0.165749924692
D52STOP , 0.176089740464
G53STOP , 0.087105303726
R54STOP , 0.13885596348
T55STOP , 0.183395651429
L56STOP , 0.198910208796
S57STOP , 0.214702095562
D58STOP , 0.159712177633
Y59STOP , 0.118609329552
N60STOP , 0.133903619076
I61STOP , 0.137205106798
Q62STOP , 0.147103593951
K63STOP , 0.130642539068
E64STOP , 0.092816941366
S65STOP , 0.198211066073
T66STOP , 0.178468485602
L67STOP , 0.0768208541053
H68STOP , 0.115976045378
L69STOP , 0.142222368477
V70STOP , 0.0924148825072
L71STOP , 0.200860902116
R72STOP , 0.164577302082
L73STOP , 0.187655417149
R74STOP , 0.105751623078
G75STOP , --
G76STOP , --
M1W , --
Q2W , --
I3W , --
F4W , 0.0310738329453
V5W , --
K6W , 0.24812341147
T7W , --
L8W , --
T9W , 0.246898622919
G10W , --
K11W , 0.189684527598
T12W , --
I13W , 0.0138811170812
T14W , --
L15W , --
E16W , --
V17W , --
E18W , 0.0440017307444
S19W , 0.0247114194295
S20W , 0.0160027634012
D21W , 0.1581599296
T22W , 0.034911617563
I23W , --
D24W , 0.0466884346895
N25W , 0.0502535745161
V26W , --
K27W , --
S28W , 0.0627163186529
K29W , 0.0481858298739
I30W , --
Q31W , 0.0266451376743
D32W , --
K33W , 0.0479814138144
E34W , --
G35W , 0.0339920126163
I36W , --
P37W , 0.056045061293
P38W , 0.0217982546597
D39W , --
Q40W , --
Q41W , --
R42W , 0.245880228192
L43W , --
I44W , --
F45W , 0.0329179846252
A46W , 0.0289234762899
G47W , --
K48W , --
Q49W , --
L50W , --
E51W , 0.223246465677
D52W , 0.0108409730663
G53W , 0.0329575065064
R54W , 0.0613362886542
T55W , 0.129474317956
L56W , 0.064737680515
S57W , 0.059775181982
D58W , 0.0915807982984
Y59W , --
N60W , --
I61W , --
Q62W , --
K63W , 0.0782604435955
E64W , --
S65W , 0.0809588615061
T66W , --
L67W , --
H68W , --
L69W , 0.0532071492961
V70W , --
L71W , --
R72W , 0.103711600452
L73W , --
R74W , --
G75W , --
G76W , --
M1F , --
Q2F , 0.266313216931
I3F , --
F4F , 0.0184935939834
V5F , 0.00797512061373
K6F , 0.03425822932
T7F , --
L8F , 0.170871676646
T9F , 0.113563323115
G10F , --
K11F , 0.118176867819
T12F , --
I13F , 0.2213426209
T14F , 0.195136234532
L15F , 0.0326399037897
E16F , 0.0422106277926
V17F , 0.0418270749293
E18F , 0.0228740241886
S19F , 0.0292888666372
S20F , 0.0199388992111
D21F , 0.00772793613258
T22F , 0.0370461776287
I23F , 0.0179359456317
D24F , 0.0648949893747
N25F , 0.0484616551985
V26F , 0.250324065943
K27F , --
S28F , 0.0667770951384
K29F , 0.00880977694406
I30F , 0.0159801786726
Q31F , 0.0342299215765
D32F , 0.0229975723576
K33F , 0.0169280051657
E34F , 0.228786139475
G35F , 0.0387425509816
I36F , 0.239853074546
P37F , 0.0567043917436
P38F , 0.0113648337702
D39F , 0.0411700281865
Q40F , 0.102484616493
Q41F , 0.073048351238
R42F , 0.183749049684
L43F , 0.0292394180451
I44F , 0.138373496735
F45F , 0.024973315842
A46F , 0.0304072682854
G47F , --
K48F , 0.122379402303
Q49F , 0.22690843419
L50F , 0.122381399002
E51F , 0.0469840690837
D52F , 0.0410610791291
G53F , --
R54F , 0.027955014395
T55F , 0.0408566702193
L56F , 0.0145074828134
S57F , 0.0239381188031
D58F , 0.270550823728
Y59F , --
N60F , 0.151372553489
I61F , 0.0317085147675
Q62F , 0.0504859789957
K63F , 0.0362603044495
E64F , 0.00993727923852
S65F , 0.068875048903
T66F , 0.186681612457
L67F , 0.0246583113549
H68F , 0.0377049312645
L69F , 0.0228575861472
V70F , --
L71F , 0.0673614542757
R72F , 0.0940954459474
L73F , --
R74F , --
G75F , --
G76F , --
M1Y , --
Q2Y , 0.0239328075482
I3Y , 0.0613282085885
F4Y , 0.00801713089445
V5Y , 0.0215636399396
K6Y , 0.0670660154183
T7Y , --
L8Y , --
T9Y , 0.177645489461
G10Y , --
K11Y , 0.0898912885519
T12Y , 0.0586189051147
I13Y , 0.0390674287355
T14Y , 0.139038488039
L15Y , --
E16Y , 0.032095845714
V17Y , 0.0242568927027
E18Y , 0.0915019913302
S19Y , 0.00172387248128
S20Y , 0.00271361917702
D21Y , 0.0361179758025
T22Y , 0.0488021288948
I23Y , --
D24Y , 0.04810366876
N25Y , 0.0411710008187
V26Y , --
K27Y , 0.0226691651589
S28Y , 0.0146696286883
K29Y , 0.0319755612755
I30Y , 0.0272423373388
Q31Y , --
D32Y , 0.0363984958197
K33Y , 0.0273050116072
E34Y , 0.0288336997181
G35Y , 0.10182412849
I36Y , 0.137556111231
P37Y , 0.128416205706
P38Y , 0.0268185330092
D39Y , 0.0533766499208
Q40Y , 0.0466104282087
Q41Y , 0.0655724291955
R42Y , --
L43Y , 0.11523661548
I44Y , 0.0745426302389
F45Y , 0.0307890657358
A46Y , 0.0416525907883
G47Y , --
K48Y , 0.0491519739874
Q49Y , 0.198990254018
L50Y , --
E51Y , 0.0931925255238
D52Y , 0.053092096765
G53Y , 0.0657273649137
R54Y , 0.0257467496367
T55Y , 0.0178450202604
L56Y , --
S57Y , 0.0244043130238
D58Y , 0.0759933989063
Y59Y , 0.0364392042355
N60Y , 0.127994185344
I61Y , --
Q62Y , 0.0573698511877
K63Y , 0.0183663223161
E64Y , 0.0215448528657
S65Y , 0.0356779062249
T66Y , 0.104566033208
L67Y , 0.180666108022
H68Y , 0.0133963047352
L69Y , 0.0735264355807
V70Y , --
L71Y , 0.172719475425
R72Y , 0.095936668475
L73Y , --
R74Y , --
G75Y , 0.29177757653
G76Y , --
M1L , --
Q2L , 0.145401710204
I3L , 0.00997253279351
F4L , 0.0225785137689
V5L , 0.0249336424086
K6L , 0.0547824248086
T7L , 0.0641797308639
L8L , 0.0223827662418
T9L , 0.030729925255
G10L , 0.112654326688
K11L , 0.0583137762627
T12L , 0.0839645322056
I13L , 0.033413641362
T14L , 0.0872515616385
L15L , 0.0251041243565
E16L , 0.0130461507671
V17L , 0.0436182424478
E18L , 0.0326693338464
S19L , 0.0333025994406
S20L , 0.0262018224125
D21L , 0.0467093663642
T22L , 0.0335700481574
I23L , 0.0209568538273
D24L , 0.0372873135483
N25L , 0.0257730470577
V26L , 0.0331297152036
K27L , 0.171772300116
S28L , 0.0346601870765
K29L , 0.0410313173903
I30L , 0.0285814515687
Q31L , 0.0241222258551
D32L , 0.0374335053251
K33L , 0.0342983663865
E34L , 0.109041358152
G35L , 0.0480191128721
I36L , 0.0160894719067
P37L , 0.0350488800188
P38L , 0.0155865625223
D39L , 0.037600377551
Q40L , 0.0396680659822
Q41L , 0.0412216923493
R42L , 0.145598632219
L43L , 0.0538596563562
I44L , 0.0380197989317
F45L , 0.0228194756998
A46L , 0.0888439929287
G47L , --
K48L , 0.192885993383
Q49L , 0.161600689858
L50L , 0.0203110706055
E51L , 0.0717666051294
D52L , 0.0366272231359
G53L , 0.0395812298201
R54L , 0.0328423593388
T55L , 0.0519648773343
L56L , 0.0226343845621
S57L , 0.0224635175444
D58L , 0.157316196435
Y59L , 0.0201356592437
N60L , 0.069970815994
I61L , 0.0304826328874
Q62L , 0.0217996062177
K63L , 0.0691865542695
E64L , 0.0486219625662
S65L , 0.103245848576
T66L , 0.0353821483399
L67L , 0.044197995535
H68L , --
L69L , 0.027454589587
V70L , 0.0577604407354
L71L , 0.0347088867725
R72L , 0.160341951899
L73L , 0.0322838922822
R74L , --
G75L , 0.1561341201
G76L , 0.168637108989
M1I , --
Q2I , 0.125663550844
I3I , 0.042762762098
F4I , --
V5I , 0.0445346986898
K6I , 0.0555221558336
T7I , 0.0838089719397
L8I , 0.0461813106669
T9I , 0.0369583655036
G10I , --
K11I , 0.0523666092112
T12I , 0.0886349046272
I13I , 0.0610972851099
T14I , 0.0634404524043
L15I , 0.0140483203792
E16I , 0.0837838538256
V17I , 0.0378802129068
E18I , 0.0294846606795
S19I , 0.0613208604312
S20I , 0.0747600300115
D21I , 0.03018415046
T22I , 0.0200231999471
I23I , 0.0299941199412
D24I , 0.0284578795884
N25I , 0.0145817461164
V26I , 0.0402227415314
K27I , 0.116482950158
S28I , 0.0597547162546
K29I , 0.0295327621757
I30I , 0.0335824866091
Q31I , --
D32I , 0.0684281530989
K33I , 0.0145992382106
E34I , 0.0485811823879
G35I , 0.0327578174211
I36I , 0.0202921698599
P37I , 0.0337845790454
P38I , 0.0476653427549
D39I , 0.145958911376
Q40I , 0.127182651147
Q41I , 0.037549316778
R42I , --
L43I , 0.0319735935092
I44I , 0.0512399672616
F45I , 0.0204954454427
A46I , 0.0364920309467
G47I , --
K48I , 0.126616206018
Q49I , 0.0438939810684
L50I , 0.020179785044
E51I , 0.0763364840527
D52I , 0.0438512055087
G53I , 0.0315056881215
R54I , 0.0295459982666
T55I , 0.0210135602277
L56I , 0.050122477553
S57I , 0.0511195159121
D58I , --
Y59I , 0.0801388013945
N60I , 0.0498645476358
I61I , 0.0298940914797
Q62I , 0.0413482461715
K63I , 0.0411699500972
E64I , 0.0473299925366
S65I , 0.027761114988
T66I , 0.0978986094942
L67I , 0.0484233401959
H68I , 0.103175657494
L69I , 0.0506437313201
V70I , 0.0370990245801
L71I , --
R72I , 0.134199797074
L73I , 0.039122683598
R74I , --
G75I , 0.0733866020694
G76I , 0.183120483122
M1M , --
Q2M , --
I3M , 0.0171320546522
F4M , --
V5M , 0.0251951686071
K6M , --
T7M , 0.149934477637
L8M , 0.0676458247714
T9M , 0.0162366822802
G10M , --
K11M , --
T12M , 0.229759620119
I13M , 0.121306264821
T14M , 0.173885188817
L15M , 0.0442262300237
E16M , --
V17M , 0.0232023061028
E18M , 0.0706517238742
S19M , 0.0465024289752
S20M , 0.0316990299691
D21M , 0.030194066649
T22M , 0.0119974337125
I23M , 0.06384456809
D24M , 0.0522258078563
N25M , 0.0200927308121
V26M , 0.0204657903626
K27M , 0.0596406750413
S28M , 0.0318469329386
K29M , 0.0200780170458
I30M , --
Q31M , 0.0239778499926
D32M , --
K33M , --
E34M , 0.0643178820048
G35M , --
I36M , --
P37M , 0.0198131412543
P38M , 0.0238113837816
D39M , --
Q40M , --
Q41M , --
R42M , --
L43M , 0.0255621988459
I44M , 0.024529493788
F45M , 0.0216958337537
A46M , 0.0204471465629
G47M , --
K48M , --
Q49M , --
L50M , 0.0315583847454
E51M , --
D52M , 0.0566977880641
G53M , 0.0333273069047
R54M , --
T55M , 0.0597427068353
L56M , 0.0127815643979
S57M , 0.0367197792067
D58M , --
Y59M , --
N60M , --
I61M , 0.0159139958631
Q62M , 0.0179677407065
K63M , 0.0327515359413
E64M , 0.0129782848595
S65M , 0.0686171485735
T66M , --
L67M , --
H68M , 0.13814516166
L69M , 0.000197937775629
V70M , --
L71M , 0.0149517303527
R72M , 0.172995813852
L73M , 0.0464209999925
R74M , --
G75M , --
G76M , --
M1V , --
Q2V , 0.0664313218974
I3V , 0.0167944755769
F4V , --
V5V , 0.0322895369309
K6V , 0.0259148230692
T7V , 0.0993263411678
L8V , 0.0236035773328
T9V , 0.0230792659237
G10V , --
K11V , 0.0278264495724
T12V , 0.0133829591542
I13V , 0.0389366236181
T14V , 0.0229273461608
L15V , 0.0253403866686
E16V , 0.0361716522207
V17V , 0.0128397706658
E18V , 0.0286200229044
S19V , 0.0568431121037
S20V , 0.0346181353951
D21V , 0.0330008604411
T22V , 0.038634081722
I23V , 0.033498381007
D24V , 0.0568062511997
N25V , 0.0361768253536
V26V , 0.0565654104889
K27V , 0.153681667866
S28V , 0.0282953155051
K29V , 0.0178365860804
I30V , 0.0291675617214
Q31V , 0.0247759567914
D32V , 0.0319945991426
K33V , 0.0149062343693
E34V , 0.0448165144874
G35V , 0.0368968256906
I36V , 0.0288846277873
P37V , 0.0316751990009
P38V , 0.0186452128524
D39V , 0.0775637705549
Q40V , 0.0648107813131
Q41V , 0.0397954344001
R42V , 0.0828208164671
L43V , 0.0181986127289
I44V , 0.0221755684284
F45V , 0.0227025376561
A46V , 0.0184896477693
G47V , --
K48V , 0.186447016795
Q49V , 0.103735832194
L50V , 0.026480139198
E51V , 0.0319132885471
D52V , 0.0517672695811
G53V , 0.0602588657828
R54V , 0.0340682119703
T55V , 0.0438938503267
L56V , 0.0446571668904
S57V , 0.0531497538142
D58V , 0.0833735563404
Y59V , 0.0247522214638
N60V , 0.0288839390736
I61V , 0.0366144820666
Q62V , 0.0350051821677
K63V , 0.0653797442344
E64V , 0.0249752485375
S65V , 0.0518144816953
T66V , 0.0602056929446
L67V , 0.0357470079927
H68V , 0.156881608651
L69V , 0.0206641694535
V70V , 0.0381404639856
L71V , --
R72V , 0.179976396779
L73V , 0.0452865493804
R74V , --
G75V , 0.00520756975623
G76V , --
M1C , --
Q2C , 0.0324997794627
I3C , 0.0297445237402
F4C , 0.122919260248
V5C , 0.0606339424968
K6C , 0.0747840122804
T7C , 0.0211262685012
L8C , 0.123042663905
T9C , 0.014176880731
G10C , --
K11C , 0.0652954006623
T12C , 0.0137258020848
I13C , 0.0301089216846
T14C , 0.043512850524
L15C , 0.0252791455874
E16C , 0.0109099654444
V17C , 0.0249846580255
E18C , 0.0209145687552
S19C , 0.0369232919806
S20C , 0.0173181107082
D21C , 0.0256973045211
T22C , 0.0339413985691
I23C , 0.031484546372
D24C , 0.0498199136384
N25C , 0.00993550200449
V26C , 0.0539597197464
K27C , 0.0172214069895
S28C , 0.0128303102585
K29C , 0.0218348500836
I30C , 0.0253732859641
Q31C , 0.0291721972732
D32C , 0.0430292124051
K33C , 0.0124826754196
E34C , 0.0872791125431
G35C , 0.0322246352148
I36C , 0.0202963188239
P37C , 0.0127359127733
P38C , 0.0365248466034
D39C , 0.0862718635826
Q40C , 0.0610413067043
Q41C , 0.0167045720728
R42C , 0.0356399094885
L43C , 0.0481986621729
I44C , 0.0105180762754
F45C , 0.0129799578471
A46C , 0.0191577911078
G47C , --
K48C , 0.124224143908
Q49C , 0.0439558443555
L50C , 0.0622853147011
E51C , 0.122474958472
D52C , 0.0788275449411
G53C , 0.0249064739229
R54C , 0.0896665249087
T55C , 0.0304747575394
L56C , 0.0470320940933
S57C , 0.0422603858701
D58C , 0.0220637274953
Y59C , 0.0392326856295
N60C , 0.0358377284626
I61C , 0.0221122432226
Q62C , 0.0267699657785
K63C , 0.0470805457391
E64C , 0.0278517563155
S65C , 0.0398591527506
T66C , 0.0274597119201
L67C , 0.00941916460454
H68C , 0.0798419512969
L69C , 0.0199498004306
V70C , 0.119843499182
L71C , 0.0735892183302
R72C , 0.0572424058228
L73C , 0.103375130989
R74C , --
G75C , --
G76C , 0.183010661608
M1A , --
Q2A , 0.0700188248989
I3A , 0.0277196814255
F4A , 0.249966442605
V5A , 0.0334602703451
K6A , 0.0338640428649
T7A , 0.02141172084
L8A , 0.242060874785
T9A , 0.0253398562513
G10A , 0.0866975498323
K11A , 0.0315586844199
T12A , 0.13527300484
I13A , 0.0313370566949
T14A , 0.0355465666729
L15A , 0.0363588819573
E16A , 0.0349234621263
V17A , 0.0222952904716
E18A , 0.0421040523001
S19A , 0.0174164956751
S20A , 0.0366462016669
D21A , 0.0399023526267
T22A , 0.0435645855346
I23A , 0.0260745876875
D24A , 0.0518444031734
N25A , 0.0310036767795
V26A , 0.0314073110878
K27A , 0.0380646479503
S28A , 0.0296380869001
K29A , 0.036300284057
I30A , 0.176248564249
Q31A , 0.0210790471381
D32A , 0.0463621333812
K33A , 0.0329193083738
E34A , 0.0406902783352
G35A , 0.0280357942426
I36A , 0.143652106066
P37A , 0.0256132692593
P38A , 0.0361749234236
D39A , 0.0270271261256
Q40A , 0.0359595755074
Q41A , 0.0231831632993
R42A , 0.0488259974444
L43A , --
I44A , 0.17494202624
F45A , 0.0329899647132
A46A , 0.0428265806428
G47A , 0.0840691076331
K48A , 0.19623033287
Q49A , 0.0377744606837
L50A , 0.131332291355
E51A , 0.03205396129
D52A , 0.044640291137
G53A , 0.0618326943755
R54A , 0.0275901295514
T55A , 0.0368229784124
L56A , 0.160498723959
S57A , 0.0574172062473
D58A , 0.0123893813187
Y59A , 0.0287931566841
N60A , 0.0261770270897
I61A , 0.0835990250264
Q62A , 0.0279148133244
K63A , 0.0453773109409
E64A , 0.0274657128628
S65A , 0.0213786202637
T66A , 0.0858282189029
L67A , 0.0567091777818
H68A , 0.106984949773
L69A , 0.063843766771
V70A , 0.109110063559
L71A , --
R72A , 0.0705619890228
L73A , 0.0235760787753
R74A , 0.126174612203
G75A , --
G76A , --
M1G , --
Q2G , 0.0427960366173
I3G , 0.248175572661
F4G , 0.142939888878
V5G , 0.23439367583
K6G , 0.0359314194338
T7G , 0.0271096643661
L8G , 0.0597833287244
T9G , 0.030774711834
G10G , 0.0249173174929
K11G , 0.019942433052
T12G , 0.175951165947
I13G , 0.0533239433751
T14G , 0.0338841992681
L15G , 0.197510332866
E16G , 0.0357897987911
V17G , 0.0229796614339
E18G , 0.0425247097159
S19G , 0.0327297966016
S20G , 0.0321642296173
D21G , 0.0393641441047
T22G , 0.031969988049
I23G , 0.05778582352
D24G , 0.0209986624242
N25G , 0.0374426553332
V26G , --
K27G , --
S28G , 0.0332297546074
K29G , 0.0350247905299
I30G , --
Q31G , 0.0218628739584
D32G , 0.038718292443
K33G , 0.0288737074621
E34G , 0.0291309408819
G35G , 0.0228711367132
I36G , 0.0858000661668
P37G , 0.0255321496971
P38G , 0.0255771351528
D39G , 0.0564740737431
Q40G , 0.0365149438589
Q41G , 0.0315730980306
R42G , 0.167887190487
L43G , --
I44G , 0.182086156429
F45G , 0.0294564084206
A46G , 0.0346601159871
G47G , 0.0351117996446
K48G , 0.203315978759
Q49G , 0.0412117326603
L50G , --
E51G , 0.0420186156657
D52G , 0.0358617860211
G53G , 0.0375535417082
R54G , 0.033253233855
T55G , 0.0345512038179
L56G , --
S57G , 0.0275848489558
D58G , 0.0476831973858
Y59G , 0.132614907252
N60G , 0.0370410830178
I61G , 0.187018895764
Q62G , 0.0290773533405
K63G , 0.0671984990799
E64G , 0.0458203519489
S65G , 0.0394337665785
T66G , 0.0252509132481
L67G , 0.0429721809291
H68G , 0.200804190762
L69G , 0.101410596934
V70G , --
L71G , --
R72G , 0.066315077201
L73G , --
R74G , --
G75G , 0.0280800228065
G76G , 0.0459308251236
M1P , --
Q2P , 0.113722167531
I3P , --
F4P , 0.0651040000125
V5P , --
K6P , 0.239838509511
T7P , 0.0246427100175
L8P , --
T9P , 0.0347673492444
G10P , --
K11P , 0.0519668449574
T12P , 0.0513642167074
I13P , 0.1937291046
T14P , 0.0639345348658
L15P , 0.122290018266
E16P , 0.0305645973353
V17P , 0.0463556087337
E18P , 0.0390667311339
S19P , 0.0249886550619
S20P , 0.0130631390079
D21P , --
T22P , 0.0205489429865
I23P , 0.0247904927912
D24P , 0.0272156138202
N25P , --
V26P , --
K27P , --
S28P , 0.124329127313
K29P , --
I30P , --
Q31P , 0.167565301656
D32P , 0.0666016541368
K33P , 0.19821148714
E34P , 0.190021173117
G35P , 0.0334886853168
I36P , 0.196057087978
P37P , 0.0355984726394
P38P , 0.0109832516459
D39P , 0.0596852403291
Q40P , 0.156598165059
Q41P , --
R42P , --
L43P , --
I44P , --
F45P , --
A46P , 0.0380931342961
G47P , --
K48P , 0.213959081497
Q49P , 0.0374679938952
L50P , --
E51P , 0.0605146796831
D52P , 0.0332196973673
G53P , 0.0330694276997
R54P , 0.0542801697521
T55P , 0.0266727479671
L56P , --
S57P , 0.0379826114621
D58P , --
Y59P , --
N60P , 0.0594419122167
I61P , 0.215432621421
Q62P , 0.028397273498
K63P , 0.0507678878419
E64P , 0.291026540193
S65P , 0.0937619490845
T66P , 0.0643942246838
L67P , 0.172199717774
H68P , 0.0633096130671
L69P , --
V70P , 0.0401445568971
L71P , 0.221708281805
R72P , 0.181771323114
L73P , --
R74P , --
G75P , 0.132409607314
G76P , 0.0399411721414
M1S , --
Q2S , 0.0529526086683
I3S , 0.0530300078039
F4S , 0.278152324928
V5S , 0.249634566927
K6S , 0.0340360177696
T7S , 0.0235418794239
L8S , 0.142767726535
T9S , 0.0290553786487
G10S , 0.027111690713
K11S , 0.0204422153286
T12S , 0.0415466342977
I13S , 0.0214837494735
T14S , 0.0415764631299
L15S , 0.0988446515593
E16S , 0.0280426841706
V17S , 0.0225619521926
E18S , 0.0384781632677
S19S , 0.0424983044092
S20S , 0.0381184011347
D21S , 0.0440598002906
T22S , 0.0266951815707
I23S , 0.0266880522546
D24S , 0.0273278890376
N25S , 0.0336801688607
V26S , --
K27S , 0.0850652654866
S28S , 0.022098548946
K29S , 0.0317164652445
I30S , 0.154149047814
Q31S , 0.0260572298924
D32S , 0.0156161209916
K33S , 0.0250580512124
E34S , 0.0425500567892
G35S , 0.0351150162374
I36S , 0.0746372785229
P37S , 0.0278900786481
P38S , 0.0236912777086
D39S , 0.0254488713434
Q40S , 0.0300143247555
Q41S , 0.0260187510654
R42S , 0.139121169162
L43S , --
I44S , 0.198403120174
F45S , 0.0227146674452
A46S , 0.0190527864
G47S , 0.124852150563
K48S , 0.130071734026
Q49S , 0.0434502084162
L50S , --
E51S , 0.0279622100844
D52S , 0.0598484772199
G53S , 0.0378469526058
R54S , 0.0340668251972
T55S , 0.0288996616807
L56S , --
S57S , 0.0384131478832
D58S , 0.0708730829653
Y59S , 0.0226486814568
N60S , 0.0341122202939
I61S , 0.129771208098
Q62S , 0.0319394799085
K63S , 0.0561101224469
E64S , 0.0248247842464
S65S , 0.0286984006728
T66S , 0.0224830967253
L67S , 0.122512563974
H68S , 0.0470096935125
L69S , 0.153789094756
V70S , 0.169888768424
L71S , --
R72S , 0.0591695913241
L73S , --
R74S , 0.0389835162672
G75S , --
G76S , --
M1T , --
Q2T , 0.0609662068187
I3T , 0.0267939443507
F4T , --
V5T , 0.0587624644197
K6T , 0.0627130234933
T7T , 0.0313918083117
L8T , 0.17693487415
T9T , 0.0186891020345
G10T , --
K11T , 0.0262905139246
T12T , 0.062918979963
I13T , 0.0307684219638
T14T , 0.033884396754
L15T , 0.0328108331592
E16T , 0.036032379303
V17T , 0.0373023386077
E18T , 0.00994581777609
S19T , 0.0446598324901
S20T , 0.0440220887884
D21T , 0.0372805203499
T22T , 0.0317594811148
I23T , 0.0243172143747
D24T , 0.0294192628112
N25T , 0.0364088419553
V26T , 0.0325801080844
K27T , 0.0445566715624
S28T , 0.0231330445564
K29T , 0.0280506207728
I30T , 0.124105145844
Q31T , 0.0228197904188
D32T , 0.0296438960265
K33T , 0.037668832535
E34T , 0.0770463622774
G35T , 0.0273688081049
I36T , 0.0590241457377
P37T , 0.0222716087836
P38T , 0.0299665773259
D39T , 0.0788020176718
Q40T , 0.0576163310717
Q41T , 0.0374413460646
R42T , 0.121540424253
L43T , --
I44T , 0.0362995012452
F45T , 0.0380536102713
A46T , 0.0193872728449
G47T , --
K48T , 0.203561824963
Q49T , 0.104088103354
L50T , 0.0272751073241
E51T , 0.00929551159155
D52T , 0.0208827841059
G53T , 0.0373779889285
R54T , 0.0303811722514
T55T , 0.0232095467134
L56T , 0.0980313498599
S57T , 0.0277746830677
D58T , 0.0350669235829
Y59T , 0.226724572466
N60T , 0.0272369095466
I61T , 0.206557496106
Q62T , 0.0214343219332
K63T , 0.048800622656
E64T , 0.0372191888057
S65T , 0.0339871826139
T66T , 0.00525570966097
L67T , 0.0212147697857
H68T , 0.15597873957
L69T , 0.0792954968452
V70T , 0.0491819154123
L71T , --
R72T , 0.0399582964342
L73T , 0.0599477946204
R74T , 0.029864951634
G75T , --
G76T , 0.0384250235765
M1N , --
Q2N , 0.0858059906553
I3N , 0.204739818427
F4N , --
V5N , --
K6N , 0.117957121166
T7N , 0.0502807856005
L8N , 0.297711885499
T9N , 0.0205499577492
G10N , 0.00399992439294
K11N , 0.0140154624817
T12N , 0.0321201533825
I13N , 0.0308529680794
T14N , --
L15N , 0.0572083350003
E16N , 0.0501852238681
V17N , 0.0169098432324
E18N , 0.0277924352236
S19N , 0.0311787790206
S20N , 0.0188560363282
D21N , 0.0440800855273
T22N , 0.0244769719381
I23N , --
D24N , 0.0508564456842
N25N , 0.062238749811
V26N , --
K27N , 0.0977369203258
S28N , 0.0317362561283
K29N , 0.0345549248579
I30N , --
Q31N , 0.00745079962585
D32N , 0.0961210078704
K33N , 0.0336480792783
E34N , 0.0252844448833
G35N , 0.0229916724833
I36N , 0.0686646793356
P37N , 0.0367164319094
P38N , 0.0220819319369
D39N , 0.0157896663645
Q40N , 0.00771160505318
Q41N , 0.043656672881
R42N , 0.157352614657
L43N , --
I44N , 0.080263527181
F45N , 0.0282930787607
A46N , 0.00585411318363
G47N , --
K48N , 0.0832532045687
Q49N , 0.0351956891401
L50N , --
E51N , --
D52N , 0.0322536772563
G53N , 0.0285319632962
R54N , 0.0581287936098
T55N , 0.0336795099014
L56N , --
S57N , 0.0280155001057
D58N , 0.0397276661779
Y59N , 0.0474573322019
N60N , 0.00152853494066
I61N , --
Q62N , 0.0257570058923
K63N , 0.0173818252916
E64N , 0.0208738839449
S65N , 0.011117579297
T66N , 0.0186851213626
L67N , 0.207867052054
H68N , 0.0110899185252
L69N , 0.212806268857
V70N , 0.116327186268
L71N , --
R72N , 0.127693840701
L73N , --
R74N , 0.0504241621603
G75N , 0.0243862514206
G76N , --
M1Q , --
Q2Q , --
I3Q , 0.195889475255
F4Q , 0.0753041805015
V5Q , --
K6Q , 0.0467138122248
T7Q , 0.0252855404991
L8Q , --
T9Q , 0.0118803774786
G10Q , 0.00854279481208
K11Q , 0.0313158194595
T12Q , --
I13Q , 0.0266853450627
T14Q , 0.177837483253
L15Q , 0.0457077174793
E16Q , 0.144171753047
V17Q , 0.0676116528913
E18Q , 0.0589229560423
S19Q , 0.0274968009933
S20Q , 0.0228761786081
D21Q , 0.0182394774778
T22Q , --
I23Q , 0.0415688233456
D24Q , 0.0429525548998
N25Q , 0.0397684907057
V26Q , --
K27Q , 0.0285117815097
S28Q , 0.0386455170159
K29Q , 0.0281003507006
I30Q , --
Q31Q , 0.0458845461524
D32Q , 0.00817965073703
K33Q , 0.0185849348411
E34Q , 0.0406166946122
G35Q , 0.0248510865112
I36Q , 0.0466370100062
P37Q , 0.0524441808527
P38Q , 0.0425889721689
D39Q , 0.0177858707468
Q40Q , 0.0223298039742
Q41Q , 0.0168908069607
R42Q , 0.0765368832228
L43Q , --
I44Q , 0.156462807028
F45Q , 0.0247901479083
A46Q , 0.0318742452913
G47Q , 0.162112565555
K48Q , 0.174014600651
Q49Q , --
L50Q , --
E51Q , 0.0356554379702
D52Q , 0.0408146643804
G53Q , 0.0286321511455
R54Q , 0.0569917355064
T55Q , 0.0351884134193
L56Q , --
S57Q , 0.00816418294211
D58Q , 0.042920006994
Y59Q , --
N60Q , 0.0401273354773
I61Q , --
Q62Q , 0.0261624700127
K63Q , 0.075251987405
E64Q , 0.0102668864289
S65Q , 0.0327692296648
T66Q , 0.0369192423965
L67Q , 0.211828710705
H68Q , 0.0561886513786
L69Q , 0.107408192028
V70Q , 0.0734295735577
L71Q , --
R72Q , 0.07037973813
L73Q , --
R74Q , --
G75Q , 0.19367133292
G76Q , 0.087225343074
M1H , --
Q2H , 0.106676384561
I3H , --
F4H , 0.147845432197
V5H , --
K6H , 0.0503098784368
T7H , 0.0253009862985
L8H , --
T9H , 0.0259995305453
G10H , 0.0244032399138
K11H , 0.0380750570653
T12H , --
I13H , 0.0233122524199
T14H , 0.100496842844
L15H , 0.0774506934571
E16H , 0.0233048749817
V17H , 0.0117312614752
E18H , 0.0748910839628
S19H , 0.081162602586
S20H , 0.0228610353507
D21H , 0.0124982451334
T22H , --
I23H , 0.138404324772
D24H , 0.035735696394
N25H , 0.0390553537232
V26H , --
K27H , 0.0170425924707
S28H , 0.0454390934687
K29H , 0.0393815766765
I30H , --
Q31H , 0.0135879357176
D32H , 0.0299093578814
K33H , 0.0223994886999
E34H , 0.0300176935901
G35H , 0.104049987261
I36H , 0.0519086257961
P37H , 0.0221953330819
P38H , 0.0226418453863
D39H , 0.0419817043363
Q40H , 0.032708968292
Q41H , 0.178038228737
R42H , 0.125847194737
L43H , --
I44H , 0.155741053968
F45H , 0.0209392910364
A46H , 0.0419354236844
G47H , --
K48H , 0.133187270093
Q49H , --
L50H , --
E51H , 0.0880889543454
D52H , 0.0388615695108
G53H , 0.0521153037712
R54H , 0.0663346621643
T55H , 0.0200926310072
L56H , --
S57H , 0.0248065323738
D58H , 0.0890262392186
Y59H , --
N60H , 0.0304575866974
I61H , 0.176620508046
Q62H , 0.0508504510381
K63H , 0.0435560797634
E64H , 0.0167830159186
S65H , 0.0180462727284
T66H , 0.065453952415
L67H , 0.18912405212
H68H , --
L69H , 0.0760472902442
V70H , --
L71H , 0.0102796052632
R72H , 0.0495870238505
L73H , --
R74H , --
G75H , 0.114388791821
G76H , --
M1R , --
Q2R , 0.187766470938
I3R , 0.0793300226343
F4R , --
V5R , --
K6R , 0.0317781960013
T7R , --
L8R , 0.0433707228616
T9R , 0.110964106602
G10R , 0.194912481577
K11R , 0.028999575812
T12R , --
I13R , 0.0268523714972
T14R , 0.0895496582108
L15R , 0.192751810205
E16R , 0.0341879490795
V17R , 0.20492289037
E18R , 0.0410936677587
S19R , 0.0321595888208
S20R , 0.0346270281916
D21R , 0.234060542156
T22R , 0.0375896370225
I23R , --
D24R , 0.0541170486513
N25R , 0.0399445050499
V26R , 0.0885034836408
K27R , 0.0258090122129
S28R , 0.0372301389388
K29R , 0.0333920524992
I30R , --
Q31R , 0.0327958181143
D32R , 0.0522344186316
K33R , 0.0739536683127
E34R , 0.150116742016
G35R , 0.0426389215396
I36R , --
P37R , 0.0368020171877
P38R , 0.0270302258317
D39R , 0.100411209316
Q40R , 0.060396803537
Q41R , 0.009691704786
R42R , 0.0232754360161
L43R , 0.0822408989844
I44R , 0.163465133923
F45R , 0.0561925074662
A46R , 0.0613351773704
G47R , 0.207224086751
K48R , 0.100278828814
Q49R , 0.238406934608
L50R , --
E51R , 0.0247760763904
D52R , 0.0383734155267
G53R , 0.0429193259329
R54R , 0.0377240819317
T55R , 0.0301533381739
L56R , --
S57R , 0.0385125605694
D58R , 0.0953761130759
Y59R , --
N60R , 0.0320221135902
I61R , 0.191927315718
Q62R , 0.0393848157981
K63R , 0.0618478455291
E64R , 0.0938043830304
S65R , 0.0464099963263
T66R , 0.172264601092
L67R , 0.206649407514
H68R , --
L69R , --
V70R , 0.10901749636
L71R , --
R72R , 0.0271193975361
L73R , --
R74R , 0.0351312150702
G75R , 0.0523718904713
G76R , 0.0558841541738
M1K , --
Q2K , --
I3K , --
F4K , --
V5K , --
K6K , 0.0257467707834
T7K , 0.176585894615
L8K , 0.140470587475
T9K , 0.0238685042649
G10K , 0.0543877275723
K11K , 0.0151336345961
T12K , --
I13K , 0.0317436292961
T14K , 0.0653814679639
L15K , 0.11697857893
E16K , 0.0546254298997
V17K , 0.0585391000432
E18K , 0.0282943924309
S19K , 0.054354848123
S20K , 0.0100503777413
D21K , --
T22K , --
I23K , --
D24K , 0.0486933441703
N25K , 0.039527887123
V26K , --
K27K , 0.0163366157587
S28K , 0.0490399490255
K29K , 0.025505941168
I30K , --
Q31K , 0.00538087127819
D32K , 0.0449386423546
K33K , --
E34K , 0.0876613968867
G35K , 0.0519645458386
I36K , --
P37K , 0.0274013502302
P38K , 0.0350738584082
D39K , 0.0808752766777
Q40K , --
Q41K , 0.0788462403798
R42K , 0.104141679358
L43K , --
I44K , 0.118205304632
F45K , 0.104007598952
A46K , 0.139553344385
G47K , --
K48K , 0.026063086616
Q49K , 0.0358143372665
L50K , --
E51K , 0.199287447077
D52K , 0.0192481820104
G53K , 0.0383452272952
R54K , 0.0207109307467
T55K , 0.025170318499
L56K , --
S57K , 0.0234197587518
D58K , 0.0929314187009
Y59K , --
N60K , 0.0207610099998
I61K , 0.171053300589
Q62K , 0.0281145541788
K63K , 0.00587962644157
E64K , 0.137318851682
S65K , 0.0480896954061
T66K , --
L67K , 0.132788853807
H68K , --
L69K , 0.124249147219
V70K , 0.128165836215
L71K , --
R72K , 0.0181464309409
L73K , --
R74K , 0.042598734643
G75K , 0.0892154677437
G76K , --
M1D , --
Q2D , 0.0736637877179
I3D , --
F4D , 0.267025460081
V5D , 0.0819011551043
K6D , 0.077905054945
T7D , --
L8D , --
T9D , 0.150658359741
G10D , 0.0606299525778
K11D , 0.0491737897938
T12D , 0.0383823696807
I13D , 0.0145651517087
T14D , 0.0808294481746
L15D , --
E16D , 0.00851341575999
V17D , 0.228883013581
E18D , 0.0396808825826
S19D , 0.0425634239859
S20D , 0.0369724108977
D21D , 0.00656328449106
T22D , 0.0196458722921
I23D , --
D24D , 0.0150819270785
N25D , 0.0144147790173
V26D , --
K27D , --
S28D , 0.0130197959552
K29D , 0.0526771644466
I30D , --
Q31D , 0.0239564157602
D32D , --
K33D , 0.0308713229152
E34D , 0.0336108544298
G35D , 0.213296267649
I36D , --
P37D , 0.017259591438
P38D , 0.0261568238859
D39D , 0.0177976710644
Q40D , 0.0953522907678
Q41D , --
R42D , 0.259966103795
L43D , --
I44D , 0.241969220374
F45D , 0.179224581473
A46D , 0.0190285067071
G47D , 5.55111512313e-17
K48D , 0.205055362112
Q49D , 0.0979329178208
L50D , --
E51D , --
D52D , 0.00402299732452
G53D , 0.0466585577615
R54D , 0.0284748427143
T55D , 0.0511539021111
L56D , --
S57D , 0.0463494634799
D58D , 0.0149067756155
Y59D , --
N60D , 0.0176036939558
I61D , 0.194504399162
Q62D , 0.0297379359035
K63D , 0.0847484962689
E64D , 0.0250700804964
S65D , 0.021454840892
T66D , 0.0338189635125
L67D , 0.137562686829
H68D , --
L69D , 0.218394356716
V70D , 0.148628158911
L71D , --
R72D , 0.0456985394879
L73D , --
R74D , --
G75D , --
G76D , 0.0184652416409
M1E , --
Q2E , 0.0762708657623
I3E , 0.110756964544
F4E , --
V5E , --
K6E , 0.21968142706
T7E , 0.064831978597
L8E , --
T9E , --
G10E , 0.0130318587885
K11E , 0.137667488187
T12E , --
I13E , 0.0334628561599
T14E , --
L15E , 0.0637239948259
E16E , 0.0164907929533
V17E , 0.167056229169
E18E , 0.0740822169763
S19E , 0.00599625229423
S20E , 0.0295809019251
D21E , 0.0260656126614
T22E , 0.0285672807806
I23E , --
D24E , 0.0298558878699
N25E , 0.0301404914637
V26E , --
K27E , --
S28E , 0.0207580288471
K29E , 0.0455020947949
I30E , --
Q31E , 0.0614052822155
D32E , 0.0129865468017
K33E , 0.0234426846503
E34E , 0.0254200320263
G35E , 0.0805212423763
I36E , --
P37E , 0.0231552067431
P38E , 0.0316159574855
D39E , 0.0745709529944
Q40E , 0.0264588424107
Q41E , 0.190688729569
R42E , 0.0525956207499
L43E , --
I44E , 0.119015472061
F45E , 0.0757712092704
A46E , 0.0253068700606
G47E , 0.0359972550976
K48E , 0.178415925099
Q49E , 0.154831413508
L50E , --
E51E , 0.0504888237715
D52E , 0.0030732137334
G53E , 0.0184469885392
R54E , 0.0551076338631
T55E , 0.00396033860112
L56E , --
S57E , 0.0277080693371
D58E , 0.0347336786081
Y59E , --
N60E , 0.0825187784028
I61E , 0.00260584564362
Q62E , 0.0222968387961
K63E , 0.140794109285
E64E , 0.0103044522348
S65E , 0.0575935913992
T66E , 0.066013442151
L67E , 0.17443454015
H68E , 0.112101793739
L69E , 0.225745942987
V70E , 0.207634209067
L71E , --
R72E , 0.277157537347
L73E , --
R74E , 0.185689281175
G75E , 0.0150978143884
G76E , --
